{
  "auth" : {
    "transaction" : "auth",
    "sampleCount" : 100,
    "errorCount" : 0,
    "errorPct" : 0.0,
    "meanResTime" : 1617.78,
    "medianResTime" : 1431.0,
    "minResTime" : 1176.0,
    "maxResTime" : 3333.0,
    "pct1ResTime" : 2477.8,
    "pct2ResTime" : 2731.199999999999,
    "pct3ResTime" : 3328.2199999999975,
    "throughput" : 9.06043308870164,
    "receivedKBytesPerSec" : 6.8657555268641834,
    "sentKBytesPerSec" : 2.2385640346108544
  },
  "updateBookingbyPut" : {
    "transaction" : "updateBookingbyPut",
    "sampleCount" : 100,
    "errorCount" : 0,
    "errorPct" : 0.0,
    "meanResTime" : 355.78000000000014,
    "medianResTime" : 322.0,
    "minResTime" : 287.0,
    "maxResTime" : 1175.0,
    "pct1ResTime" : 416.8,
    "pct2ResTime" : 470.0,
    "pct3ResTime" : 1172.4699999999987,
    "throughput" : 11.64551065564225,
    "receivedKBytesPerSec" : 10.444567369279143,
    "sentKBytesPerSec" : 6.243540380808199
  },
  "Total" : {
    "transaction" : "Total",
    "sampleCount" : 600,
    "errorCount" : 0,
    "errorPct" : 0.0,
    "meanResTime" : 613.3483333333337,
    "medianResTime" : 364.5,
    "minResTime" : 282.0,
    "maxResTime" : 3333.0,
    "pct1ResTime" : 1388.5999999999997,
    "pct2ResTime" : 1612.199999999999,
    "pct3ResTime" : 2639.5600000000004,
    "throughput" : 45.875066901139235,
    "receivedKBytesPerSec" : 39.05354002599587,
    "sentKBytesPerSec" : 14.097025766495909
  },
  "deleteBooking" : {
    "transaction" : "deleteBooking",
    "sampleCount" : 100,
    "errorCount" : 0,
    "errorPct" : 0.0,
    "meanResTime" : 678.9800000000001,
    "medianResTime" : 659.0,
    "minResTime" : 555.0,
    "maxResTime" : 1635.0,
    "pct1ResTime" : 794.1,
    "pct2ResTime" : 883.9499999999996,
    "pct3ResTime" : 1627.5599999999963,
    "throughput" : 11.536686663590217,
    "receivedKBytesPerSec" : 8.487576430549147,
    "sentKBytesPerSec" : 3.109497577295801
  },
  "getBookingbyUpdate" : {
    "transaction" : "getBookingbyUpdate",
    "sampleCount" : 100,
    "errorCount" : 0,
    "errorPct" : 0.0,
    "meanResTime" : 325.5000000000001,
    "medianResTime" : 311.0,
    "minResTime" : 285.0,
    "maxResTime" : 470.0,
    "pct1ResTime" : 370.9,
    "pct2ResTime" : 385.84999999999997,
    "pct3ResTime" : 469.66999999999985,
    "throughput" : 11.825922421948912,
    "receivedKBytesPerSec" : 10.605450271996217,
    "sentKBytesPerSec" : 1.974836654446547
  },
  "getBooking" : {
    "transaction" : "getBooking",
    "sampleCount" : 100,
    "errorCount" : 0,
    "errorPct" : 0.0,
    "meanResTime" : 348.22999999999996,
    "medianResTime" : 321.5,
    "minResTime" : 282.0,
    "maxResTime" : 1250.0,
    "pct1ResTime" : 405.40000000000003,
    "pct2ResTime" : 469.3499999999996,
    "pct3ResTime" : 1248.069999999999,
    "throughput" : 11.599582415033058,
    "receivedKBytesPerSec" : 10.393407087344855,
    "sentKBytesPerSec" : 1.9370396415729032
  },
  "createBooking" : {
    "transaction" : "createBooking",
    "sampleCount" : 100,
    "errorCount" : 0,
    "errorPct" : 0.0,
    "meanResTime" : 353.81999999999994,
    "medianResTime" : 330.0,
    "minResTime" : 285.0,
    "maxResTime" : 1294.0,
    "pct1ResTime" : 436.5,
    "pct2ResTime" : 469.9999999999998,
    "pct3ResTime" : 1286.109999999996,
    "throughput" : 11.918951132300357,
    "receivedKBytesPerSec" : 11.020839541120381,
    "sentKBytesPerSec" : 5.447333134684148
  }
}